Baby,Path
puppo,https://drive.google.com/file/d/19Ei9cXm1L-_jkvvYzowC6HwnkG4OozHd/view?usp=sharing
meowmeow,https://drive.google.com/file/d/1N1DopoAcZ4C8gqosOu5vL8_sr0H6FnC3/view?usp=sharing
hippityhop,https://drive.google.com/file/d/1vEMMoMcTHnWp-0X72lIk92G99gAYTbRd/view?usp=sharing
hoong mao,https://drive.google.com/file/d/1rNm5QZbiBkQRmdVoRgAu6ABd8PcL5lCq/view?usp=sharing
seal pup,https://static.boredpanda.com/blog/wp-content/uuuploads/cute-baby-animals/cute-baby-animals-17.jpg
ngap ngap,https://static.boredpanda.com/blog/wp-content/uuuploads/cute-baby-animals/cute-baby-animals-31.jpg
slomo no fomo,https://static.boredpanda.com/blog/wp-content/uuuploads/cute-baby-animals/cute-baby-animals-34.jpg
oinker,https://static.boredpanda.com/blog/wp-content/uuuploads/cute-baby-animals/cute-baby-animals-10.jpg
shorty,https://static.boredpanda.com/blog/wp-content/uuuploads/cute-baby-animals/cute-baby-animals-2.jpg
sonic,https://themysteriousworld.com/wp-content/uploads/2017/12/baby-hedgehog.webp
angry bird,https://encrypted-tbn0.gstatic.com/images?q=tbn:ANd9GcQ52P7NGW_qItXZAxZEyv3jW6C51gld69GMLA&usqp=CAU